Hugo_Symbol,CHROM,Start_Position,Reference_Allele,Tumor_Seq_Allele2,oncokb_highestSensitiveLevel,oncokb_highestResistanceLevel,oncokb_highestDiagnosticImplicationLevel,oncokb_highestPrognosticImplicationLevel,oncokb_hotspot,oncokb_vus
EZH2,chr7,148504762,-,ATGCA,LEVEL_2,,LEVEL_Dx2,LEVEL_Px1,False,False
EZH2,chr7,148504763,-,ATGCA,LEVEL_2,,LEVEL_Dx2,LEVEL_Px1,False,False
EZH2,chr7,148506162,C,T,LEVEL_2,,LEVEL_Dx2,LEVEL_Px1,False,False
EZH2,chr7,148506443,C,T,LEVEL_2,,LEVEL_Dx2,LEVEL_Px1,False,False
FLT3,chr13,28608256,-,TCATATTCATATTCTCTGAAATCAACGTAGAAGTACTCATTATCTGAGGAG,LEVEL_1,,LEVEL_Dx2,LEVEL_Px1,True,False
FLT3,chr13,28592640,A,C,LEVEL_1,,LEVEL_Dx2,,True,False
FLT3,chr13,28592642,C,A,LEVEL_1,,LEVEL_Dx2,,True,False
FLT3,chr13,28592642,C,A,LEVEL_1,,LEVEL_Dx2,,True,False
FLT3,chr13,28608242,-,ACTCCCATTTGAGATCATATTCATATTCTCTGAAATCAACGTAGAAGTACTCATTACCCCCTCGGGGGG,LEVEL_1,,LEVEL_Dx2,LEVEL_Px1,True,False
FLT3,chr13,28592640,A,T,LEVEL_1,,LEVEL_Dx2,,True,False
FLT3,chr13,28608267,-,TTCTCTGAAATCAACGTAGAAGTACTCATTATC,LEVEL_1,,LEVEL_Dx2,LEVEL_Px1,True,False
FLT3,chr13,28608248,-,ATTTGAGATCATATTCAT,LEVEL_1,,LEVEL_Dx2,LEVEL_Px1,True,False
FLT3,chr13,28592642,C,A,LEVEL_1,,LEVEL_Dx2,,True,False
FLT3,chr13,28608268,-,TCTCTGAAATCAACGTAG,LEVEL_1,,LEVEL_Dx2,LEVEL_Px1,True,False
FLT3,chr13,28608262,-,TCATATTCTCTGAAATCAACGTAGAAGTACTCATTATCTGAGGAGCCGGTCACCTGTACCATC,LEVEL_1,,LEVEL_Dx2,LEVEL_Px1,True,False
FLT3,chr13,28608261,-,TTCATATTCTCTGAAATCAACGTAGGCCAC,LEVEL_1,,LEVEL_Dx2,LEVEL_Px1,True,False
FLT3,chr13,28608244,-,TCCCATTTGAGATCATAT,LEVEL_1,,LEVEL_Dx2,LEVEL_Px1,True,False
FLT3,chr13,28608250,-,TTGAGATCATATTCATATTCTCTGAAATCAACG,LEVEL_1,,LEVEL_Dx2,LEVEL_Px1,True,False
FLT3,chr13,28608251,-,TGAGATCATATTCATATTCTC,LEVEL_1,,LEVEL_Dx2,LEVEL_Px1,True,False
FLT3,chr13,28608218,-,CAAACTCTAAATTTTCTCTTGGAAACTCCCATTTGAGATCATATT,LEVEL_1,,LEVEL_Dx2,LEVEL_Px1,True,False
FLT3,chr13,28592642,C,A,LEVEL_1,,LEVEL_Dx2,,True,False
FLT3,chr13,28608255,-,ATCATATTCATATTCTCTGAA,LEVEL_1,,LEVEL_Dx2,LEVEL_Px1,True,False
FLT3,chr13,28608271,-,ATTCTG,LEVEL_1,,LEVEL_Dx2,LEVEL_Px1,True,False
FLT3,chr13,28592642,C,G,LEVEL_1,,LEVEL_Dx2,,True,False
FLT3,chr13,28608240,-,AAACTCCCATTTGAGATCATATTCATATTCTCTGAAATCAACGTAGAAGTACTCATTATCTGAGGA,LEVEL_1,,LEVEL_Dx2,LEVEL_Px1,True,False
FLT3,chr13,28608260,-,ATTCATATTCTCTGAAATCAACGTAGAAGTACTCATTATCTGAGGAGCCAG,LEVEL_1,,LEVEL_Dx2,LEVEL_Px1,True,False
FLT3,chr13,28608275,-,AATCAACGTAGAAGTACTCATTATCTTCCGGGG,LEVEL_1,,LEVEL_Dx2,LEVEL_Px1,True,False
FLT3,chr13,28592642,C,A,LEVEL_1,,LEVEL_Dx2,,True,False
FLT3,chr13,28608255,-,ATCATATTCATATTCTCTGAAATCAACGTAGAAGTACTCATT,LEVEL_1,,LEVEL_Dx2,LEVEL_Px1,True,False
FLT3,chr13,28592642,C,A,LEVEL_1,,LEVEL_Dx2,,True,False
FLT3,chr13,28608273,-,GAAATCAACGTAGAAGTACTCATTATCTGAGGAGCCGGTACC,LEVEL_1,,LEVEL_Dx2,LEVEL_Px1,True,False
FLT3,chr13,28608219,-,AAACTCTAAATTTTCTCTTGGAAACTCCCATTTGAGATCATATTCATATTCTCTGAAATCAACGTAGAAGCCCTG,LEVEL_1,,LEVEL_Dx2,LEVEL_Px1,True,False
FLT3,chr13,28592640,A,T,LEVEL_1,,LEVEL_Dx2,,True,False
FLT3,chr13,28592642,C,A,LEVEL_1,,LEVEL_Dx2,,True,False
FLT3,chr13,28592642,C,A,LEVEL_1,,LEVEL_Dx2,,True,False
FLT3,chr13,28592642,C,A,LEVEL_1,,LEVEL_Dx2,,True,False
FLT3,chr13,28608258,-,GGCGATATTCATATTCTCTGAAATCAACGTAGAAGTACTCATTATCTGAGGAGCCGG,LEVEL_1,,LEVEL_Dx2,LEVEL_Px1,True,False
FLT3,chr13,28592642,C,A,LEVEL_1,,LEVEL_Dx2,,True,False
FLT3,chr13,28608256,-,TCATATTCATATTCATATTCATAT,LEVEL_1,,LEVEL_Dx2,LEVEL_Px1,True,False
FLT3,chr13,28608255,-,ATCATATTCATATTCTCTGAA,LEVEL_1,,LEVEL_Dx2,LEVEL_Px1,True,False
FLT3,chr13,28608311,-,ATTCATATTCTCTGAAATCAACGTAGAAGTACTCATTATCTGAGGAGCCGGCCA,LEVEL_1,,LEVEL_Dx2,LEVEL_Px1,True,False
FLT3,chr13,28608263,-,CATATTCTCTGAAATCAACGTAGAAGTACTCATTATCTGAGGAGCCGG,LEVEL_1,,LEVEL_Dx2,LEVEL_Px1,True,False
FLT3,chr13,28608273,-,GAAATCAACGTAGAAGTACTCATTATCTGA,LEVEL_1,,LEVEL_Dx2,LEVEL_Px1,True,False
FLT3,chr13,28608255,-,ATCATATTCATATTCTCTGAA,LEVEL_1,,LEVEL_Dx2,LEVEL_Px1,True,False
FLT3,chr13,28608255,-,ATCATATTCATATTCTCTGAA,LEVEL_1,,LEVEL_Dx2,LEVEL_Px1,True,False
FLT3,chr13,28608262,-,TCATATTCTCTGAAATCAACGTAGAAGTACTCA,LEVEL_1,,LEVEL_Dx2,LEVEL_Px1,True,False
FLT3,chr13,28608255,-,ATCATATTCATATTCTCTGAA,LEVEL_1,,LEVEL_Dx2,LEVEL_Px1,True,False
IDH1,chr2,209113112,C,T,LEVEL_1,,LEVEL_Dx2,LEVEL_Px2,True,False
IDH1,chr2,209113113,G,A,LEVEL_1,,LEVEL_Dx2,LEVEL_Px2,True,False
IDH1,chr2,209113113,G,A,LEVEL_1,,LEVEL_Dx2,LEVEL_Px2,True,False
IDH1,chr2,209113113,G,A,LEVEL_1,,LEVEL_Dx2,LEVEL_Px2,True,False
IDH1,chr2,209113113,G,A,LEVEL_1,,LEVEL_Dx2,LEVEL_Px2,True,False
IDH1,chr2,209113112,C,T,LEVEL_1,,LEVEL_Dx2,LEVEL_Px2,True,False
IDH1,chr2,209113113,G,A,LEVEL_1,,LEVEL_Dx2,LEVEL_Px2,True,False
IDH1,chr2,209113113,G,A,LEVEL_1,,LEVEL_Dx2,LEVEL_Px2,True,False
IDH1,chr2,209113113,G,A,LEVEL_1,,LEVEL_Dx2,LEVEL_Px2,True,False
IDH1,chr2,209113113,G,A,LEVEL_1,,LEVEL_Dx2,LEVEL_Px2,True,False
IDH1,chr2,209113113,G,A,LEVEL_1,,LEVEL_Dx2,LEVEL_Px2,True,False
IDH1,chr2,209113112,C,T,LEVEL_1,,LEVEL_Dx2,LEVEL_Px2,True,False
IDH1,chr2,209113112,C,T,LEVEL_1,,LEVEL_Dx2,LEVEL_Px2,True,False
IDH1,chr2,209113113,G,A,LEVEL_1,,LEVEL_Dx2,LEVEL_Px2,True,False
IDH1,chr2,209113113,G,A,LEVEL_1,,LEVEL_Dx2,LEVEL_Px2,True,False
IDH1,chr2,209113113,G,C,LEVEL_1,,LEVEL_Dx2,LEVEL_Px2,True,False
IDH1,chr2,209113113,G,A,LEVEL_1,,LEVEL_Dx2,LEVEL_Px2,True,False
IDH1,chr2,209113113,G,T,LEVEL_1,,LEVEL_Dx2,LEVEL_Px2,True,False
IDH2,chr15,90631934,C,T,LEVEL_1,,LEVEL_Dx2,LEVEL_Px2,True,False
IDH2,chr15,90631934,C,T,LEVEL_1,,LEVEL_Dx2,LEVEL_Px2,True,False
IDH2,chr15,90631934,C,T,LEVEL_1,,LEVEL_Dx2,LEVEL_Px2,True,False
IDH2,chr15,90631838,C,T,LEVEL_1,,LEVEL_Dx2,LEVEL_Px2,True,False
IDH2,chr15,90631934,C,T,LEVEL_1,,LEVEL_Dx2,LEVEL_Px2,True,False
IDH2,chr15,90631934,C,T,LEVEL_1,,LEVEL_Dx2,LEVEL_Px2,True,False
IDH2,chr15,90631838,C,T,LEVEL_1,,LEVEL_Dx2,LEVEL_Px2,True,False
IDH2,chr15,90631934,C,T,LEVEL_1,,LEVEL_Dx2,LEVEL_Px2,True,False
IDH2,chr15,90631934,C,T,LEVEL_1,,LEVEL_Dx2,LEVEL_Px2,True,False
IDH2,chr15,90631934,C,T,LEVEL_1,,LEVEL_Dx2,LEVEL_Px2,True,False
IDH2,chr15,90631934,C,T,LEVEL_1,,LEVEL_Dx2,LEVEL_Px2,True,False
IDH2,chr15,90631838,C,T,LEVEL_1,,LEVEL_Dx2,LEVEL_Px2,True,False
IDH2,chr15,90631934,C,T,LEVEL_1,,LEVEL_Dx2,LEVEL_Px2,True,False
IDH2,chr15,90631934,C,T,LEVEL_1,,LEVEL_Dx2,LEVEL_Px2,True,False
IDH2,chr15,90631934,C,T,LEVEL_1,,LEVEL_Dx2,LEVEL_Px2,True,False
IDH2,chr15,90631934,C,T,LEVEL_1,,LEVEL_Dx2,LEVEL_Px2,True,False
IDH2,chr15,90631934,C,T,LEVEL_1,,LEVEL_Dx2,LEVEL_Px2,True,False
IDH2,chr15,90631934,C,T,LEVEL_1,,LEVEL_Dx2,LEVEL_Px2,True,False
IDH2,chr15,90631934,C,T,LEVEL_1,,LEVEL_Dx2,LEVEL_Px2,True,False
IDH2,chr15,90631934,C,A,LEVEL_1,,LEVEL_Dx2,LEVEL_Px2,True,False
KDM6A,X,44969323,G,A,LEVEL_4,,,,True,True
KIT,chr4,55599321,A,T,LEVEL_1,LEVEL_R2,LEVEL_Dx2,LEVEL_Px1,True,False
KIT,chr4,55599320,G,T,LEVEL_1,LEVEL_R2,LEVEL_Dx2,LEVEL_Px1,True,False
KIT,chr4,55599321,A,T,LEVEL_1,LEVEL_R2,LEVEL_Dx2,LEVEL_Px1,True,False
KIT,chr4,55599321,A,T,LEVEL_1,LEVEL_R2,LEVEL_Dx2,LEVEL_Px1,True,False
KIT,chr4,55599321,A,T,LEVEL_1,LEVEL_R2,LEVEL_Dx2,LEVEL_Px1,True,False
KRAS,chr12,25380275,T,A,LEVEL_1,LEVEL_R1,LEVEL_Dx2,,True,False
KRAS,chr12,25398284,C,A,LEVEL_1,LEVEL_R1,LEVEL_Dx2,,True,False
KRAS,chr12,25380282,G,T,LEVEL_1,LEVEL_R1,LEVEL_Dx2,,True,False
KRAS,chr12,25398284,C,T,LEVEL_1,LEVEL_R1,LEVEL_Dx2,,True,False
KRAS,chr12,25398284,C,T,LEVEL_1,LEVEL_R1,LEVEL_Dx2,,True,False
KRAS,chr12,25378562,C,T,LEVEL_1,LEVEL_R1,LEVEL_Dx2,,True,False
KRAS,chr12,25398281,C,T,LEVEL_1,LEVEL_R1,LEVEL_Dx2,,True,False
NF1,chr17,29562747,G,A,LEVEL_1,,LEVEL_Dx2,,False,False
NF1,chr17,29562981,C,T,LEVEL_1,,LEVEL_Dx2,,False,False
NPM1,chr5,170834736,-,GAGGAGG,LEVEL_3A,,LEVEL_Dx1,LEVEL_Px1,False,False
NPM1,chr5,170834737,-,T,LEVEL_3A,,LEVEL_Dx1,LEVEL_Px1,False,False
NPM1,chr5,170837545,-,TGCA,LEVEL_3A,,LEVEL_Dx1,LEVEL_Px1,False,False
NPM1,chr5,170837547,-,TCTG,LEVEL_3A,,LEVEL_Dx1,LEVEL_Px1,False,False
NPM1,chr5,170837547,-,TCTG,LEVEL_3A,,LEVEL_Dx1,LEVEL_Px1,False,False
NPM1,chr5,170837547,-,TCTG,LEVEL_3A,,LEVEL_Dx1,LEVEL_Px1,False,False
NPM1,chr5,170837543,-,TATG,LEVEL_3A,,LEVEL_Dx1,LEVEL_Px1,False,False
NPM1,chr5,170837547,-,CAAG,LEVEL_3A,,LEVEL_Dx1,LEVEL_Px1,False,False
NPM1,chr5,170837545,-,CTGC,LEVEL_3A,,LEVEL_Dx1,LEVEL_Px1,False,False
NPM1,chr5,170837544,-,CTGC,LEVEL_3A,,LEVEL_Dx1,LEVEL_Px1,False,False
NPM1,chr5,170837547,-,TCTG,LEVEL_3A,,LEVEL_Dx1,LEVEL_Px1,False,False
NPM1,chr5,170837547,-,TCTG,LEVEL_3A,,LEVEL_Dx1,LEVEL_Px1,False,False
NPM1,chr5,170837547,-,CGCG,LEVEL_3A,,LEVEL_Dx1,LEVEL_Px1,False,False
NPM1,chr5,170837547,-,TCTG,LEVEL_3A,,LEVEL_Dx1,LEVEL_Px1,False,False
NPM1,chr5,170837546,-,TGTA,LEVEL_3A,,LEVEL_Dx1,LEVEL_Px1,False,False
NPM1,chr5,170837547,-,TCTG,LEVEL_3A,,LEVEL_Dx1,LEVEL_Px1,False,False
NPM1,chr5,170837547,-,TCTG,LEVEL_3A,,LEVEL_Dx1,LEVEL_Px1,False,False
NPM1,chr5,170837547,-,CCTG,LEVEL_3A,,LEVEL_Dx1,LEVEL_Px1,False,False
NPM1,chr5,170837547,-,TCTG,LEVEL_3A,,LEVEL_Dx1,LEVEL_Px1,False,False
NPM1,chr5,170837547,-,TCTG,LEVEL_3A,,LEVEL_Dx1,LEVEL_Px1,False,False
NPM1,chr5,170837547,-,TCTG,LEVEL_3A,,LEVEL_Dx1,LEVEL_Px1,False,False
NPM1,chr5,170837547,-,TCTG,LEVEL_3A,,LEVEL_Dx1,LEVEL_Px1,False,False
NPM1,chr5,170837547,-,CATG,LEVEL_3A,,LEVEL_Dx1,LEVEL_Px1,False,False
NPM1,chr5,170837547,-,TCTG,LEVEL_3A,,LEVEL_Dx1,LEVEL_Px1,False,False
NPM1,chr5,170837547,-,TCTG,LEVEL_3A,,LEVEL_Dx1,LEVEL_Px1,False,False
NPM1,chr5,170837547,-,CCTG,LEVEL_3A,,LEVEL_Dx1,LEVEL_Px1,False,False
NPM1,chr5,170837547,-,TCTG,LEVEL_3A,,LEVEL_Dx1,LEVEL_Px1,False,False
NPM1,chr5,170837547,-,CATG,LEVEL_3A,,LEVEL_Dx1,LEVEL_Px1,False,False
NPM1,chr5,170837547,-,TCAG,LEVEL_3A,,LEVEL_Dx1,LEVEL_Px1,False,False
NPM1,chr5,170837547,-,TCTG,LEVEL_3A,,LEVEL_Dx1,LEVEL_Px1,False,False
NPM1,chr5,170837547,-,TCTG,LEVEL_3A,,LEVEL_Dx1,LEVEL_Px1,False,False
NPM1,chr5,170837547,-,CATG,LEVEL_3A,,LEVEL_Dx1,LEVEL_Px1,False,False
NPM1,chr5,170837547,-,TCTG,LEVEL_3A,,LEVEL_Dx1,LEVEL_Px1,False,False
NRAS,chr1,115258744,C,T,LEVEL_2,LEVEL_R1,LEVEL_Dx2,LEVEL_Px1,True,False
NRAS,chr1,115258744,C,T,LEVEL_2,LEVEL_R1,LEVEL_Dx2,LEVEL_Px1,True,False
NRAS,chr1,115256528,T,A,LEVEL_2,LEVEL_R1,LEVEL_Dx2,LEVEL_Px1,True,False
NRAS,chr1,115258744,C,T,LEVEL_2,LEVEL_R1,LEVEL_Dx2,LEVEL_Px1,True,False
NRAS,chr1,115256530,G,T,LEVEL_2,LEVEL_R1,LEVEL_Dx2,LEVEL_Px1,True,False
NRAS,chr1,115258747,C,T,LEVEL_2,LEVEL_R1,LEVEL_Dx2,LEVEL_Px1,True,False
NRAS,chr1,115256530,G,T,LEVEL_2,LEVEL_R1,LEVEL_Dx2,LEVEL_Px1,True,False
NRAS,chr1,115256529,T,C,LEVEL_2,LEVEL_R1,LEVEL_Dx2,LEVEL_Px1,True,False
NRAS,chr1,115258744,C,T,LEVEL_2,LEVEL_R1,LEVEL_Dx2,LEVEL_Px1,True,False
NRAS,chr1,115258747,C,T,LEVEL_2,LEVEL_R1,LEVEL_Dx2,LEVEL_Px1,True,False
NRAS,chr1,115258744,C,T,LEVEL_2,LEVEL_R1,LEVEL_Dx2,LEVEL_Px1,True,False
NRAS,chr1,115256528,T,A,LEVEL_2,LEVEL_R1,LEVEL_Dx2,LEVEL_Px1,True,False
NRAS,chr1,115256529,T,G,LEVEL_2,LEVEL_R1,LEVEL_Dx2,LEVEL_Px1,True,False
NRAS,chr1,115258747,C,T,LEVEL_2,LEVEL_R1,LEVEL_Dx2,LEVEL_Px1,True,False
NRAS,chr1,115258748,C,A,LEVEL_2,LEVEL_R1,LEVEL_Dx2,LEVEL_Px1,True,False
SF3B1,chr2,198266834,T,C,LEVEL_4,,LEVEL_Dx2,LEVEL_Px1,True,False
SFRS2,chr17,74732936,GGCGGCTGTGGTGTGAGTCCGGGG,-,LEVEL_4,,LEVEL_Dx2,LEVEL_Px1,True,False
U2AF1,chr21,44514777,T,G,LEVEL_4,,LEVEL_Dx2,LEVEL_Px2,True,False
U2AF1,chr21,44524456,G,A,LEVEL_4,,LEVEL_Dx2,LEVEL_Px2,True,False
U2AF1,chr21,44524456,G,A,LEVEL_4,,LEVEL_Dx2,LEVEL_Px2,True,False
U2AF1,chr21,44524456,G,T,LEVEL_4,,LEVEL_Dx2,LEVEL_Px2,True,False
U2AF1,chr21,44524456,G,T,LEVEL_4,,LEVEL_Dx2,LEVEL_Px2,True,False
U2AF1,chr21,44524456,G,A,LEVEL_4,,LEVEL_Dx2,LEVEL_Px2,True,False
U2AF1,chr21,44524456,G,A,LEVEL_4,,LEVEL_Dx2,LEVEL_Px2,True,False
U2AF1,chr21,44524456,G,A,LEVEL_4,,LEVEL_Dx2,LEVEL_Px2,True,False
